StudentId,CoursesList
1,"['48', '52', '70', '119', '63']"
2,"['48', '52', '70', '119', '63']"
3,"['48', '70', '119']"
4,"['48', '52', '70', '119', '63']"
5,"['48', '52', '70', '119', '63']"
6,"['48', '52', '70', '119', '63']"
7,"['48', '52', '70', '63']"
8,['63']
9,['52']
10,"['52', '119', '63']"
11,"['98', '35', '37', '149', '53', '90', '173']"
12,"['98', '35', '36', '37', '149', '53', '90', '173']"
13,"['98', '82', '35', '36', '37', '149', '53', '90']"
14,"['98', '35', '36', '37', '149', '53', '90', '172']"
15,"['98', '35', '37', '149', '53', '90', '172', '30']"
16,"['98', '35', '37', '149', '53', '90', '173', '30']"
17,"['98', '35', '37', '149', '53', '152', '90', '172']"
18,"['98', '82', '35', '37', '149', '53', '90', '30']"
19,"['98', '35', '36', '37', '149', '53', '90', '173']"
20,"['98', '82', '35', '37', '149', '53', '90', '30']"
21,"['98', '82', '35', '37', '149', '53', '152', '90']"
22,"['98', '82', '35', '37', '149', '53', '152', '90']"
23,"['98', '35', '37', '149', '53', '152', '90', '173']"
24,"['98', '35', '37', '149', '53', '90', '172']"
25,"['98', '35', '37', '149', '53', '90', '172']"
26,['25']
27,"['64', '83', '53', '30']"
28,"['98', '101', '149', '53', '90']"
29,"['98', '149', '53', '90', '30']"
30,"['98', '149', '53', '90']"
31,"['98', '149', '53', '90', '30']"
32,"['98', '149', '53', '90', '30']"
33,"['98', '101', '149', '53', '90']"
34,"['98', '149', '53', '152', '90']"
35,"['98', '149', '53', '152', '90']"
36,"['98', '149', '53', '152', '90']"
37,"['98', '101', '149', '53', '90']"
38,"['96', '35', '147', '70', '220', '93']"
39,"['48', '82', '70', '91', '92']"
40,"['67', '107', '110']"
41,"['50', '83', '67', '163', '84', '164', '94', '142']"
42,"['67', '38']"
43,"['151', '153']"
44,"['64', '176', '53', '29']"
45,"['147', '36', '37', '70', '63']"
46,"['82', '83', '52', '70', '86', '88', '25', '26']"
47,['46']
48,"['178', '66', '117', '181', '38', '105', '45', '109']"
49,"['193', '130', '66', '132', '102', '38', '187', '45', '157', '191']"
50,"['35', '196', '25', '26', '142']"
51,"['66', '132', '181', '102', '38', '185', '187', '45', '157', '190']"
52,"['64', '98', '83', '84', '37', '149', '53', '152', '216', '90', '30']"
53,"['48', '129', '84', '70', '79']"
54,"['97', '132', '100', '52', '133', '70', '150', '153', '41', '186']"
55,"['48', '129', '84', '70', '102', '23', '73', '63']"
56,"['48', '84', '101', '149', '23', '72']"
57,"['129', '67', '38', '106', '189', '110']"
58,"['66', '117', '38', '55', '39', '121', '138', '45', '109', '110', '143']"
59,"['128', '97', '134', '166', '40', '44', '111', '176', '115', '23', '152', '56', '124', '157']"
60,"['131', '104', '187', '110']"
61,"['129', '67', '131', '181', '38', '183', '135', '104', '143']"
62,"['144', '67', '38', '183', '121', '138', '110', '143']"
63,"['145', '67', '116', '196', '69', '149', '154', '138', '107', '204', '110', '143']"
64,"['129', '67', '116', '102', '38', '88', '57', '142', '143']"
65,"['144', '117', '121']"
66,"['144', '52', '38', '138', '107', '46', '110', '143']"
67,"['66', '132', '102', '38', '105', '44', '108', '45', '109', '110', '111', '178', '181', '117', '121']"
68,"['66', '117', '181', '38', '135', '105', '45', '207']"
69,"['48', '129', '162', '135', '73']"
70,"['48', '176', '42', '43']"
71,"['65', '66', '117', '38', '105', '138', '108', '45', '110']"
72,"['49', '115', '84', '73', '107', '124', '31', '143', '111']"
73,"['131', '38', '183', '135', '45', '110']"
74,"['196', '84', '73', '31']"
75,['99']
76,['105']
77,"['67', '38', '185', '121', '107', '157', '46']"
78,"['209', '36', '90', '30']"
79,"['48', '83', '70', '107', '143', '79']"
80,"['130', '66', '132', '117', '181', '102', '38', '106', '187', '45', '109', '191']"
81,"['112', '38', '47']"
82,"['83', '67', '38', '121']"
83,"['66', '181', '102', '38', '183', '105', '45']"
84,"['177', '66', '131', '38', '105', '108', '45']"
85,"['176', '67', '38', '138', '107']"
86,"['129', '162', '164', '196', '70', '138', '79', '48', '116', '84', '118', '23', '24', '120', '94']"
87,"['48', '84', '119', '103', '25', '76', '29', '63']"
88,"['66', '117', '181', '182', '38', '105', '187', '108', '45', '110']"
89,"['35', '70', '168', '200', '73', '46', '79', '48', '146', '84', '87', '25', '89', '91', '92', '30']"
90,"['65', '66', '117', '38', '105', '45']"
91,"['144', '131', '148', '118', '38', '183', '168', '120']"
92,"['67', '115', '116', '135', '138', '107', '110']"
93,"['38', '45']"
94,"['64', '84', '53', '70', '54', '28']"
95,"['65', '66', '67', '52', '38', '183', '200', '74', '108', '45', '110']"
96,"['150', '79']"
97,"['80', '224', '205', '221']"
98,"['209', '84', '149', '53', '150', '25', '207']"
99,"['194', '196', '168', '169', '138', '171', '107', '191']"
100,"['66', '181', '38', '105', '45']"
101,"['97', '66', '131', '116', '38', '183', '121', '105']"
102,['104']
103,"['97', '35', '116']"
104,"['66', '132', '38', '169', '106', '187', '108', '45']"
105,"['49', '116', '27', '187', '46']"
106,"['98', '35', '37', '101', '149', '53', '152', '90']"
107,"['129', '196', '84', '53', '102', '24', '73', '26', '75', '143']"
108,"['144', '83', '67', '38', '121', '105', '45']"
109,"['67', '167', '88', '124', '45']"
110,"['144', '83', '131', '38', '88', '105', '45']"
111,"['129', '83', '102', '157']"
112,"['145', '66', '117', '38', '105', '45']"
113,"['84', '164', '148', '94', '95']"
114,"['65', '66', '117', '181', '38', '135', '121', '105', '45', '109', '110']"
115,"['162', '163', '84', '164', '148', '151', '153', '155', '94', '95']"
116,"['117', '151']"
117,"['154', '187']"
118,"['144', '176', '67', '117', '56', '121', '157', '109', '46', '110', '31', '143']"
119,"['64', '117', '69', '53', '38', '25', '202', '109', '29']"
120,"['48', '144', '129', '162', '83', '70', '56', '88', '73', '77']"
121,"['66', '67', '117', '181', '108', '110']"
122,"['130', '67', '38', '123', '188', '157', '126', '127']"
123,"['129', '84', '70', '88', '79']"
124,"['131', '115', '116', '69', '38', '135', '187', '110']"
125,"['104', '138', '143']"
126,"['144', '162', '183']"
127,"['48', '129', '84', '70', '72', '88', '31', '63', '79']"
128,"['66', '117', '181', '38', '39', '108', '45']"
129,['151']
130,['48']
131,"['97', '116', '100', '151', '153', '155', '44']"
132,"['144', '67', '181', '183', '135', '121', '138', '107']"
133,"['118', '38']"
134,"['176', '105']"
135,"['66', '131', '38', '183', '121', '105', '138', '107', '108', '45', '157', '110']"
136,"['48', '129', '162', '84', '73', '25', '79']"
137,"['129', '135', '154', '107', '157', '46', '79']"
138,"['97', '162', '66', '134', '38', '105', '45', '111', '115', '150', '88', '121', '122']"
139,['130']
140,"['48', '99', '102', '56', '24', '25', '138', '44']"
141,"['38', '45']"
142,"['194', '151', '153']"
143,"['181', '110']"
144,['111']
145,"['67', '51', '52', '55', '57', '121', '105', '74', '110']"
146,"['48', '81', '129', '56', '25']"
147,"['162', '67', '163', '117', '121', '138', '107', '157', '109', '110', '111']"
148,"['176', '187', '46', '143']"
149,"['118', '119', '151']"
150,"['68', '38', '135', '39', '105', '41', '202', '45', '109', '174', '181', '117', '183', '121', '154']"
151,"['178', '66', '131', '117', '181', '118', '102', '38', '121', '45']"
152,"['65', '66', '181', '38', '39', '45']"
153,"['66', '132', '181', '182', '102', '38', '122', '106', '187', '45']"
154,"['65', '66', '38', '105', '187', '45']"
155,"['176', '116', '104']"
156,"['48', '138']"
157,['151']
158,"['48', '84', '70', '168', '31', '63', '79']"
159,"['162', '77']"
160,['162']
161,"['65', '66', '181', '102', '38', '187', '45', '109']"
162,"['80', '223']"
163,"['112', '213', '214', '204', '47']"
164,"['48', '130', '169', '73', '123', '188', '126', '191']"
165,"['48', '83', '84', '70', '120', '122', '138', '63', '79']"
166,"['178', '66', '196', '117', '181', '38', '105', '186', '44', '45', '31']"
167,['112']
168,"['66', '181', '38', '105', '108', '45', '111']"
169,"['39', '42', '220', '45', '110']"
170,"['48', '209', '212', '117', '181', '197', '53', '182', '30', '207']"
171,"['48', '129', '162', '88', '73']"
172,"['178', '107', '157']"
173,"['82', '211', '89', '106', '26', '91', '92', '173']"
174,"['48', '144', '70', '23', '72', '73']"
175,"['144', '67', '131', '181', '38', '135', '104', '121', '138', '107', '109']"
176,"['194', '66', '132', '181', '38', '105', '45']"
177,"['67', '117', '38', '40', '121', '138', '107', '143']"
178,"['162', '84', '124', '79']"
179,"['129', '98', '35', '37', '168', '79', '82', '53', '149', '87', '152', '92', '30']"
180,"['50', '212', '181', '215', '217', '201', '219', '203', '107', '47']"
181,['181']
182,"['144', '178', '117', '38', '39', '40', '105', '138', '108', '77', '110']"
183,"['48', '162', '84', '70', '23', '24', '88', '79']"
184,"['65', '178', '132', '102', '106', '45', '157', '109']"
185,"['193', '130', '194', '132', '100', '84', '183', '151', '120', '156', '92', '189', '190']"
186,"['131', '132', '174']"
187,"['66', '117', '69', '102', '38', '135', '105', '45', '109']"
188,"['178', '66', '67', '117', '38', '121', '105', '45', '109', '110']"
189,"['53', '151', '136', '42', '44', '143']"
190,"['48', '84', '123', '188', '141', '126']"
191,"['129', '67', '135', '106', '138', '107', '44', '110', '207', '143', '48', '144', '52', '117']"
192,"['48', '129', '69', '40', '202', '42', '109', '110', '143']"
193,"['151', '153']"
194,['23']
195,"['129', '82', '87', '168', '24', '89', '26']"
196,"['135', '107', '124', '46']"
197,['143']
198,"['84', '56', '72', '77']"
199,"['144', '65', '177', '66', '181', '121']"
200,"['66', '117', '38', '109', '110']"
201,"['162', '104', '173']"
202,"['48', '162', '84', '70', '23', '88', '79']"
203,"['129', '65', '66', '102']"
204,"['98', '35', '37', '149', '53', '152', '90', '173']"
205,"['147', '139', '220', '63']"
206,"['67', '115', '38', '105', '138', '45', '110']"
207,"['96', '97', '35', '147', '196', '70', '220', '93']"
208,"['177', '66', '67', '117', '38', '135', '121', '106', '108', '110']"
209,"['67', '131', '181', '38', '121', '105', '138', '187', '109']"
210,"['66', '181', '38', '105', '45']"
211,"['48', '162', '84', '70', '72', '73', '137', '63', '79']"
212,"['98', '35', '37', '149', '53', '152', '90', '173']"
213,"['84', '52', '37', '70', '56', '63', '79']"
214,"['129', '162', '132', '70', '183', '23', '73', '173', '79']"
215,"['48', '97', '84', '70', '104', '72', '73', '137', '94', '190', '79']"
216,['73']
217,"['115', '138', '157', '46']"
218,"['144', '67', '131', '38', '135', '105', '110']"
219,"['67', '115', '38', '138', '46', '143']"
220,"['113', '66', '181', '38', '108']"
221,"['48', '97', '162', '70', '102', '72', '73', '46', '79']"
222,"['144', '161', '66', '131', '38', '135', '88', '121', '187']"
223,['48']
224,"['193', '194', '82', '162', '87', '168']"
225,"['52', '117', '38', '74', '45', '110']"
226,"['194', '148', '151', '153']"
227,"['130', '66', '83', '67', '102', '38', '187', '123', '126', '191']"
228,"['48', '129', '84', '168', '56', '123', '107', '92', '126']"
229,"['112', '213', '214', '204', '47']"
230,"['144', '161', '83', '67', '131', '38', '183', '138', '187', '108', '111']"
231,"['129', '162', '102', '166', '44', '173', '143']"
232,"['121', '45']"
233,"['145', '65', '181', '38', '183', '200', '108']"
234,"['48', '129', '84', '70', '88', '79']"
235,"['129', '70', '72', '138', '77', '79', '143', '48', '81', '83', '84', '56', '88', '63']"
236,"['66', '181', '102', '38', '106', '45', '109']"
237,"['66', '117', '181', '38', '105', '108']"
238,"['129', '67', '117', '38', '40', '107', '157', '143']"
239,"['24', '92', '30']"
240,"['66', '196', '38', '135', '105', '45', '109', '46', '144', '50', '181', '117', '55', '121', '154', '187', '125']"
241,"['66', '132', '181', '38', '45']"
242,"['178', '66', '162', '181', '38', '105', '138', '45']"
243,"['48', '24']"
244,"['67', '38', '105']"
245,"['129', '162', '70', '166', '104', '72', '136', '79', '143', '48', '80', '84', '118', '24', '120', '25']"
246,"['148', '150', '151', '95']"
247,"['67', '142']"
248,"['66', '117', '69', '181', '38', '121', '105', '109', '111']"
249,['151']
250,"['49', '52', '117', '102', '124', '46', '110', '111']"
251,"['178', '66', '117', '38', '39', '105', '45', '109', '110']"
252,"['163', '84', '148', '151', '155', '94', '95']"
253,"['48', '84', '70', '73', '63', '79']"
254,"['64', '27']"
255,"['80', '48', '70', '88', '73']"
256,"['129', '162', '101', '70', '72', '73', '77', '79', '48', '80', '84', '56', '88']"
257,"['84', '135', '151', '155']"
258,"['48', '194']"
259,"['66', '38', '183', '105', '138', '45', '110']"
260,"['48', '56', '24', '88', '77']"
261,"['48', '194', '82', '84', '70', '137', '159', '79']"
262,"['104', '72', '137']"
263,"['194', '67', '196', '102', '38', '109', '110']"
264,"['48', '160', '209', '196', '52', '88', '73', '25', '26']"
265,"['65', '66', '132', '181', '102', '38', '105', '45']"
266,"['48', '115', '104', '143']"
267,"['177', '66', '196', '181', '182', '38', '121', '105', '45', '109', '110', '111']"
268,"['177', '66', '102', '38', '108', '45']"
269,"['176', '67', '51', '52', '57', '74', '125', '46']"
270,"['144', '67', '117', '38', '187', '45', '46', '110']"
271,"['66', '52', '181', '102', '38', '183', '105', '45', '109', '110']"
272,['59']
273,"['84', '148', '150', '151', '94', '95']"
274,"['48', '67', '39', '187', '124', '46']"
275,"['151', '159']"
276,['107']
277,"['65', '66', '131', '181', '38', '183', '60', '108', '45']"
278,"['67', '196', '198', '39', '74', '138', '107', '110', '111', '143', '144', '176', '52', '117', '56', '154', '59', '157']"
279,"['66', '117', '38', '45', '110']"
280,"['66', '67', '117', '181', '38', '183', '135', '121', '105', '44', '108', '110']"
281,"['48', '82', '84', '70', '25', '138', '79']"
282,"['144', '65', '177', '66', '83', '131', '102', '38', '135', '121', '45', '110']"
283,"['112', '132', '102', '105', '47']"
284,['107']
285,['151']
286,"['48', '56', '24', '77']"
287,"['66', '180', '181', '38', '105', '45']"
288,['94']
289,"['122', '143']"
290,"['65', '66', '67', '117', '181', '38', '121', '108']"
291,"['67', '116', '38', '105']"
292,"['144', '145', '134', '38', '121', '105', '109', '110', '111']"
293,['67']
294,"['178', '66', '117', '38', '105', '45', '109', '110']"
295,"['172', '95']"
296,"['48', '82', '83', '84', '70', '118', '137', '94']"
297,"['48', '129', '162', '84', '70', '24', '88', '79']"
298,['144']
299,"['38', '45', '109', '110']"
300,"['98', '37', '149', '90', '143']"
301,"['97', '162', '99', '100', '134', '137', '172', '173', '79', '143', '151', '57', '154', '155', '156', '95']"
302,"['129', '67', '197', '102', '38', '105', '106', '108', '109', '110', '176', '183', '157']"
303,"['48', '129', '84', '70', '73', '79']"
304,"['68', '117', '38', '135', '39', '105', '138', '45']"
305,"['145', '66', '51', '181', '38', '183', '200', '108', '190']"
306,"['66', '117', '38', '108', '45', '110']"
307,"['178', '66', '181', '38', '105', '45']"
308,"['65', '66', '38', '183', '138', '108']"
309,"['66', '117', '181', '38', '41', '108', '110']"
310,"['176', '45', '110']"
311,"['67', '147', '38', '45', '110']"
312,"['66', '181', '102', '38', '45']"
313,"['68', '181', '38', '39', '45']"
314,"['183', '90']"
315,"['112', '50', '174', '47']"
316,"['129', '67', '131', '115', '116', '104', '121', '138', '107', '110', '143']"
317,"['72', '75', '63']"
318,"['177', '162', '67', '132', '117', '40', '41', '42', '107', '157', '109']"
319,['107']
320,"['112', '52', '185', '201', '47']"
321,['107']
322,['48']
323,['53']
324,['90']
325,"['48', '129', '84', '70', '56', '72', '73', '77', '63', '79']"
326,"['163', '151', '153', '155', '95']"
327,"['176', '67', '105', '138', '110']"
328,['38']
329,"['144', '176', '131', '154', '187', '107']"
330,"['66', '117', '38', '135', '108', '45', '110']"
331,"['176', '129', '67', '38', '106', '63']"
332,"['48', '129', '162', '84', '70', '166', '23', '73', '63', '79']"
333,"['112', '47']"
334,"['67', '38', '105']"
335,"['67', '163', '102', '38', '105', '41', '107', '110', '176', '181', '150', '183', '121', '154', '122', '187', '157', '94']"
336,"['198', '151', '153', '31']"
337,"['176', '115', '138', '189', '143']"
338,"['66', '67', '117', '181', '198', '38', '39', '154', '138', '187', '157', '109']"
339,"['144', '67', '135', '40', '138', '109', '110', '143']"
340,"['66', '117', '181', '38', '105', '108', '45', '110']"
341,"['48', '129', '84', '70', '23', '79']"
342,['48']
343,"['65', '131', '117', '38', '187', '108', '45', '110']"
344,"['162', '56']"
345,"['67', '117', '38', '138', '110', '143']"
346,['159']
347,"['162', '56', '72']"
348,"['84', '151', '94', '143', '79']"
349,"['129', '178', '67', '38', '104', '121', '138', '107', '110', '143']"
350,"['69', '37', '70', '105', '202', '109', '48', '178', '210', '53', '117', '23', '27', '59', '29']"
351,"['177', '66', '67', '117', '38', '105', '138', '45', '109', '110']"
352,"['181', '102', '38', '45']"
353,"['177', '66', '181', '38', '135', '105', '44', '108', '45']"
354,"['66', '117', '38', '108', '45', '110']"
355,"['131', '183', '151', '31']"
356,"['48', '97', '83', '115', '183', '119', '42']"
357,"['113', '66', '38', '139', '108']"
358,"['83', '35', '84', '53', '102', '23', '88', '73', '92', '79']"
359,['143']
360,"['67', '104', '154', '124']"
361,"['52', '104']"
362,"['187', '143']"
363,"['48', '129', '84', '70', '88', '79']"
364,['160']
365,"['84', '151']"
366,"['35', '53', '204', '207']"
367,"['66', '181', '102', '38', '186', '106', '187', '45', '109', '190']"
368,"['149', '40']"
369,"['177', '66', '132', '181', '102', '38', '108', '45', '109', '110']"
370,"['66', '117', '181', '102', '38', '105', '45', '109', '46', '110']"
371,"['66', '132', '38', '45']"
372,"['97', '65', '66', '181', '38', '105', '45']"
373,"['48', '129', '99', '115', '148', '70', '102', '24', '73', '124', '143', '63']"
374,"['82', '211', '89', '106', '26', '91', '92', '173']"
375,['79']
376,"['97', '166', '111']"
377,"['97', '98', '35', '100', '101', '70', '173', '79', '48', '115', '83', '84', '56', '25']"
378,"['97', '198', '166', '151', '169', '173', '31']"
379,"['162', '23', '72', '88', '73']"
380,"['66', '117', '181', '38', '121', '187', '45', '157', '109', '110']"
381,"['66', '38', '105', '45']"
382,"['48', '82', '84', '70', '79']"
383,"['84', '151', '155']"
384,"['151', '155']"
385,"['67', '132', '38', '106', '107', '109', '110']"
386,"['67', '117', '41', '42', '187', '43', '109', '110']"
387,"['131', '183', '138', '107', '157', '46', '110', '31', '143']"
388,"['144', '176', '104']"
389,"['117', '102', '38', '135', '110']"
390,"['83', '67', '46']"
391,"['67', '131', '115', '183', '42', '109', '46', '111']"
392,"['81', '129', '162', '147', '71', '72', '24', '42', '77', '63']"
393,"['209', '98', '37', '53', '150', '207']"
394,"['84', '151', '155']"
395,"['48', '84', '23', '72', '73', '25', '173', '143', '79']"
396,"['145', '66', '51', '181', '38', '200', '105', '108', '190']"
397,"['66', '181', '38', '200', '108']"
398,"['66', '117', '38', '135', '105', '45']"
399,"['98', '35', '37', '149', '53', '152', '90', '173']"
400,"['67', '52', '38', '74', '110']"
401,"['67', '131', '38', '183', '135', '121', '107']"
402,"['48', '162', '71', '63']"
403,"['67', '132', '38', '138', '44', '189', '109', '190', '191']"
404,"['67', '181', '102', '38', '183', '121', '138', '46', '143', '111']"
405,"['68', '117', '69', '181', '38', '121', '109']"
406,"['48', '194', '82', '196', '70', '183', '73', '91', '92']"
407,"['66', '117', '181', '38', '105', '45']"
408,"['65', '66', '102', '38', '45']"
409,"['48', '129', '162', '84', '70', '102', '56', '107', '143', '79']"
410,['144']
411,"['52', '70', '135', '42', '187', '191']"
412,"['104', '143']"
413,"['102', '38', '204', '45', '205', '206', '110', '207']"
414,"['84', '164', '148', '151', '94', '95']"
415,"['48', '129', '84', '70', '72', '88']"
416,"['48', '52', '85', '70', '86', '119', '140']"
417,"['50', '196', '119', '135', '105', '142', '110']"
418,"['66', '131', '117', '38', '183', '121', '45', '109', '110']"
419,"['83', '67', '131', '132', '121', '105', '138', '46', '191']"
420,"['97', '67', '131', '166', '38', '183', '135', '105', '187', '107', '110']"
421,"['154', '138', '123', '141', '157', '189', '46', '127']"
422,['101']
423,"['66', '181', '38', '105', '45']"
424,"['73', '170', '63']"
425,"['129', '162', '84', '70', '102', '88', '73', '138', '79']"
426,"['66', '117', '102', '38', '183', '135', '105', '45', '109']"
427,"['66', '117', '181', '38', '105', '45']"
428,"['68', '52', '181', '86', '38', '39', '40', '121', '105', '73', '45', '46']"
429,"['144', '160', '67', '131', '135', '186', '44', '124']"
430,"['151', '169', '156']"
431,['172']
432,['143']
433,"['66', '67', '117', '181', '38', '121', '157', '109']"
434,"['48', '129', '69', '181', '102', '202', '42', '109', '110', '143']"
435,"['48', '72', '88', '73']"
436,"['84', '150', '151', '155']"
437,"['66', '131', '132', '117', '181', '182', '38', '105', '187', '45', '109', '190']"
438,"['48', '84', '73', '173', '77', '63']"
439,['48']
440,"['162', '84', '148', '135', '151', '120', '169', '94', '95']"
441,"['48', '82', '86', '25']"
442,"['67', '115', '116', '181', '135', '42', '107', '110']"
443,"['163', '148', '151', '155', '94', '95']"
444,"['48', '97', '162', '84', '100', '166', '157']"
445,"['66', '67', '117', '181', '38', '121', '108']"
446,"['194', '66', '132', '38', '187', '45']"
447,"['65', '66', '38', '105', '45']"
448,"['84', '199', '151']"
449,"['177', '66', '117', '181', '38', '105', '45', '109', '110', '190']"
450,"['48', '83', '84', '70', '23', '138', '63', '79']"
451,"['129', '67', '52', '117', '138', '107', '111']"
452,"['48', '25', '79']"
453,"['80', '116', '134', '25']"
454,"['100', '151']"
455,"['145', '66', '132', '117', '45', '109']"
456,['73']
457,"['68', '181', '38', '105', '45', '110']"
458,['130']
459,"['66', '67', '196', '117', '181', '38', '121', '105', '108']"
460,"['84', '148', '150', '151', '94', '95']"
461,"['144', '129', '162', '84', '166', '23', '105', '73', '77', '143', '79']"
462,"['128', '98', '82', '101', '88', '159']"
463,"['128', '48', '49', '145', '67', '121', '124', '111']"
464,"['192', '97', '130', '163', '148', '150', '156', '94', '95']"
465,"['56', '73', '60']"
466,"['131', '38', '183', '201', '186', '203', '45']"
467,"['162', '131', '132', '196', '38', '39', '138', '107', '46', '176', '50', '119', '157']"
468,"['177', '66', '117', '38', '135', '105', '108', '45']"
469,"['129', '162', '67', '138', '107', '44', '110', '111', '143', '48', '49', '115', '52', '117', '23']"
470,"['66', '181', '38', '105', '45']"
471,"['67', '52', '135', '105', '108', '45', '125', '46', '110']"
472,"['144', '177', '52', '117', '38', '121', '105', '45', '157', '109', '110', '111']"
473,"['99', '23', '168', '89', '92', '46', '63', '79']"
474,"['64', '84', '216']"
475,"['98', '35', '37', '149', '53', '152', '173']"
476,"['48', '69', '202']"
477,"['64', '178', '135', '23', '173', '110', '31']"
478,"['66', '181', '38', '183', '121', '105', '45', '109', '110']"
479,"['38', '74']"
480,"['225', '67', '38', '135', '121', '105', '107', '45', '110', '207', '223']"
481,"['68', '117', '181', '38', '39', '105', '202', '60', '45', '157', '110']"
482,['121']
483,"['129', '67', '107', '124', '46']"
484,"['67', '52', '117', '38', '121', '138', '189', '109', '110', '191']"
485,"['48', '89']"
486,"['144', '67', '38', '183', '105', '138', '143']"
487,"['178', '66', '117', '181', '38', '105', '45', '110']"
488,['151']
489,"['67', '38', '107', '45', '110']"
490,"['66', '117', '38', '105', '45', '109']"
491,"['66', '181', '38', '105', '45']"
492,"['66', '117', '181', '38', '105', '187', '45']"
493,"['97', '82', '84']"
494,"['129', '67', '132', '138', '109', '110', '191']"
495,"['194', '66', '132', '181', '38', '105', '187', '45']"
496,"['83', '115', '135', '104', '137', '124', '157', '46', '143', '79']"
497,"['67', '38', '187', '123', '141', '126', '110', '191', '127']"
498,"['66', '67', '117', '181', '38', '121', '108']"
499,"['129', '162', '84', '23', '73', '137', '124', '143', '79']"
500,"['178', '66', '162', '181', '38', '105', '138', '107', '45']"
501,"['66', '38', '56', '105', '45', '109', '111']"
502,"['129', '162', '67', '121', '138', '107', '46', '110', '143']"
503,"['144', '67', '181', '38', '105', '46']"
504,"['145', '68', '117', '181', '38', '39', '105', '45']"
505,"['67', '181', '38', '109', '110']"
506,"['64', '211', '59', '110']"
507,"['129', '162', '67', '157', '109', '46', '110', '143']"
508,"['67', '104', '107']"
509,['168']
510,"['66', '132', '181', '38', '187', '45']"
511,"['67', '39']"
512,"['66', '117', '38', '105', '138', '108', '45']"
513,"['145', '66', '132', '181', '182', '102', '45']"
514,['84']
515,"['67', '181', '38', '106', '109', '110', '143']"
516,"['66', '67', '117', '38', '121', '105', '108']"
517,"['129', '67', '35', '168', '42', '106', '138', '171', '77', '46', '176', '117', '119', '56', '157']"
518,"['66', '67', '117', '38', '121', '109', '207']"
519,"['32', '192', '146', '70', '92', '31']"
520,"['176', '107']"
521,"['66', '67', '117', '38', '40', '185', '121', '105', '108', '190', '31']"
522,['157']
523,"['66', '117', '181', '38', '108', '45', '110']"
524,"['97', '67', '38', '186', '138', '107', '110', '190', '143']"
525,"['48', '105', '73']"
526,['192']
527,"['48', '84', '70', '23', '88', '79']"
528,"['144', '67', '131', '181', '38', '105', '45', '110']"
529,"['48', '84', '70', '24', '137', '75', '157', '94', '143', '79']"
530,"['65', '117', '38', '108', '45', '110']"
531,"['65', '178', '181', '102', '38', '45', '191']"
532,"['65', '66', '102', '38', '45']"
533,"['144', '84', '70', '135', '72', '88', '158', '79']"
534,"['144', '129', '162', '72', '88', '73', '107', '143', '79']"
535,"['80', '84', '168', '24', '73', '89', '202', '30', '79']"
536,"['66', '196', '38', '105', '108', '45']"
537,"['176', '113', '23', '139', '124']"
538,"['178', '66', '38', '105', '107', '110', '143']"
539,"['66', '67', '131', '70', '102', '38', '105', '108', '46', '110', '144', '181', '117', '183', '121']"
540,"['66', '117', '181', '38', '105', '187', '45', '109', '111']"
541,"['176', '115', '102', '40', '143', '207']"
542,"['48', '162', '84', '70', '72', '169']"
543,['63']
544,"['66', '132', '38', '119', '39', '105', '45']"
545,"['131', '163', '148', '118', '134', '166', '120', '121', '154', '155', '107', '157']"
546,"['48', '97', '152', '25', '79']"
547,"['48', '73', '25', '123', '157', '126']"
548,"['129', '67', '38', '135', '106', '138', '189', '110']"
549,"['101', '149', '53', '150', '138', '143', '207']"
550,"['138', '124', '142']"
551,"['112', '105', '45', '47']"
552,"['162', '70', '166', '135', '167', '73', '137', '172', '142', '79', '48', '84', '157', '63']"
553,"['161', '67', '131', '102', '38', '168', '106', '138', '44', '143', '115', '83', '148', '121']"
554,['48']
555,"['178', '66', '117', '38', '135', '154', '60', '45', '223']"
556,"['144', '97', '67', '179', '181', '150', '38', '39', '105', '157']"
557,"['48', '73']"
558,"['64', '35', '212', '148', '53', '102', '23', '204', '94', '207', '79', '95']"
559,"['48', '115', '135', '138', '107']"
560,"['162', '117', '151']"
561,"['48', '162', '84', '70', '24', '137', '107', '94', '79']"
562,"['144', '178', '66', '131', '117', '38', '135', '105', '108', '45', '110']"
563,"['66', '67', '117', '181', '38', '108']"
564,"['129', '162', '67', '102', '166', '107', '173', '143']"
565,"['66', '35', '149', '38', '23', '105', '44', '45', '110', '31']"
566,"['176', '181', '42', '107', '124', '46']"
567,"['129', '67', '38', '183', '168', '105', '106', '187', '109', '110', '63']"
568,"['177', '66', '38', '56', '105', '45']"
569,"['65', '66', '132', '102', '106', '45']"
570,"['66', '132', '38', '45']"
571,"['163', '151', '155', '156', '143']"
572,"['66', '117', '181', '102', '135', '45', '110']"
573,"['66', '117', '181', '38', '105', '187', '45', '109']"
574,"['163', '148', '151', '153', '155', '172', '156', '173', '94', '95']"
575,"['48', '82', '35', '163', '84', '70', '135', '25', '79']"
576,"['129', '162', '99', '67', '87', '168', '187', '109', '110']"
577,"['35', '73', '26']"
578,"['129', '99', '35', '116', '102', '23', '168', '89', '106', '143', '79']"
579,"['67', '131', '135', '107', '46', '110', '143', '48', '115', '52', '116', '117', '121', '154']"
580,"['66', '67', '117', '181', '38', '121', '105', '108', '109']"
581,['70']
582,"['194', '163', '132', '164', '172', '52', '84', '148', '150', '151', '153', '157', '94', '95']"
583,"['163', '135', '151', '153']"
584,"['48', '129', '84', '70', '88']"
585,"['66', '117', '38', '135', '184', '105', '45', '109', '110']"
586,['151']
587,"['65', '132', '102', '38', '185', '186', '187', '45', '190']"
588,"['151', '153']"
589,"['129', '67', '117', '104', '109', '110']"
590,"['132', '181', '102', '168', '106', '45']"
591,"['162', '70', '104', '72', '73', '142']"
592,"['136', '73', '75', '172', '48', '80', '82', '118', '119', '24', '120', '25', '154', '29', '159']"
593,"['99', '151']"
594,"['64', '48', '179', '69', '202', '42', '108']"
595,"['128', '70', '198', '150', '44', '29']"
596,"['129', '65', '194', '66', '132', '196', '117', '181', '182', '102', '38', '105']"
597,['183']
598,"['66', '117', '38', '183', '105', '108', '45', '110']"
599,"['131', '183', '143']"
600,"['66', '117', '181', '38', '108', '45', '110']"
601,"['84', '151']"
602,"['67', '115', '116', '117', '183', '40', '170', '42', '107', '158', '110']"
603,"['163', '84', '148', '151', '155', '94', '95']"
604,"['145', '66', '115', '116', '38', '135', '121', '138', '107', '110', '111']"
605,"['176', '67', '154', '43']"
606,"['65', '66', '67', '117', '181', '38', '121', '109', '190']"
607,"['144', '66', '117', '38', '105', '46']"
608,"['163', '148', '150', '151', '156', '94', '95']"
609,"['98', '115', '37', '149', '53']"
610,"['48', '162', '183', '56', '63']"
611,"['66', '132', '102', '38', '187', '45', '157']"
612,"['66', '67', '131', '196', '38', '105', '45', '109', '111', '178', '181', '182', '154']"
613,"['130', '38', '107', '126']"
614,"['163', '118', '136', '157', '173']"
615,['48']
616,"['209', '150', '90']"
617,"['163', '164', '135', '172', '79', '50', '83', '84', '148', '150', '151', '153', '155', '156', '94', '95']"
618,"['65', '66', '132', '181', '102', '38']"
619,"['178', '66', '181', '38', '135', '105', '45', '109']"
620,"['176', '131', '38', '138', '107', '46']"
621,"['178', '68', '117', '181', '38', '39', '45', '109']"
622,['67']
623,"['144', '181', '102', '38', '105', '108']"
624,"['48', '49', '178', '116', '135', '40', '105', '138', '107', '44', '45', '46']"
625,"['48', '162', '72']"
626,"['129', '66', '67', '38', '135', '106', '109', '110', '63']"
627,"['67', '115', '52', '181', '152', '108', '46', '110']"
628,"['84', '107', '142']"
629,['46']
630,"['145', '67', '181', '38', '121', '138', '157', '109', '110', '31', '143']"
631,"['160', '161', '209', '98', '212', '37', '101', '149', '53', '207']"
632,"['129', '162', '67', '52', '117', '38', '121', '138', '110', '143']"
633,"['67', '115', '117', '38', '121', '187', '157', '109', '110']"
634,"['48', '67', '52', '40', '74', '138', '46', '110']"
635,"['48', '181', '182', '168', '24', '25', '188', '189', '29', '126']"
636,"['67', '196', '117', '181', '38', '108']"
637,"['38', '187', '31']"
638,"['65', '66', '131', '117', '38', '183', '121', '105', '45', '109', '110']"
639,"['178', '68', '38', '39', '45', '109']"
640,"['224', '225', '226', '227', '45', '205', '221', '223']"
641,"['151', '153']"
642,"['132', '117', '102', '38', '105', '106', '74', '191']"
643,"['176', '67', '38', '138', '107', '157', '46']"
644,"['129', '67', '115', '121', '138', '110', '143']"
645,"['67', '131', '38', '135', '40', '138', '107', '44', '46', '111', '143', '144', '116', '121', '154', '122', '157']"
646,"['131', '52', '47']"
647,"['131', '181', '38', '135', '105', '187', '107', '45', '110']"
648,"['67', '138', '109', '46', '110']"
649,['48']
650,"['177', '66', '102', '38', '39', '105', '106', '45', '46']"
651,"['176', '67', '121', '157', '46', '191', '127', '111']"
652,"['65', '66', '181', '38', '105', '45']"
653,"['48', '160', '115', '46', '79', '111']"
654,"['65', '66', '117', '181', '38', '121', '108']"
655,['168']
656,['45']
657,"['48', '209', '83', '101', '70', '88', '73']"
658,"['129', '67', '84', '52', '102', '135', '39', '107', '43']"
659,"['67', '52', '38']"
660,"['162', '84', '104', '137', '79']"
661,"['23', '57', '73', '89', '91', '44', '92']"
662,"['48', '177', '117', '69', '53', '154', '202', '42', '138', '26']"
663,"['67', '116', '121', '138', '110']"
664,"['137', '154']"
665,"['162', '116', '40']"
666,"['66', '38', '104', '45', '109']"
667,"['193', '123', '126', '127']"
668,"['121', '138']"
669,"['48', '162', '195', '84', '23', '25', '107', '188', '31', '79']"
670,"['162', '77']"
671,"['35', '36', '70', '73', '75', '27', '28', '30']"
672,"['67', '131', '38', '121', '105', '138', '107', '45']"
673,['151']
674,"['130', '38', '104', '138', '143']"
675,"['65', '66', '117', '38', '183', '105', '108']"
676,"['129', '162', '164', '196', '70', '72', '138', '79', '143', '48', '116', '84', '118', '23', '24', '120', '94']"
677,"['66', '132', '117', '181', '38', '183', '39', '45', '157', '109']"
678,['151']
679,"['129', '67', '187', '109', '110']"
680,"['162', '115', '104', '173']"
681,"['176', '110']"
682,"['163', '84', '164', '148', '102', '150', '135', '73', '94']"
683,"['67', '115', '38', '138', '107', '124', '46', '143', '111']"
684,"['67', '117', '45', '110']"
685,['151']
686,"['48', '63']"
687,"['144', '129', '178', '115', '138', '157', '143', '111']"
688,"['48', '84', '70', '118', '135', '24', '94', '79']"
689,"['187', '123', '188', '109', '126', '110', '191']"
690,"['144', '129', '131', '31', '143', '79']"
691,"['97', '196', '150', '72', '137']"
692,"['64', '36', '40', '73', '202', '48', '53', '24', '216', '57', '26', '27', '29']"
693,"['177', '162', '68', '69', '38', '119', '39', '138', '45', '157']"
694,"['194', '196', '118', '136', '137', '31']"
695,"['177', '66', '181', '102', '38', '105', '45']"
696,"['66', '117', '38', '105', '45', '109', '110']"
697,"['176', '130', '110', '143']"
698,"['163', '148', '149', '151', '153', '155', '156', '94', '95']"
699,"['84', '148', '150', '151', '153', '156', '94', '95']"
700,"['131', '183', '187']"
701,"['56', '77']"
702,"['67', '38', '121', '105', '187', '46', '110']"
703,"['80', '48', '70', '118', '88', '154', '122']"
704,"['48', '162']"
705,"['66', '117', '38', '39', '121', '105', '45', '109', '111']"
706,"['193', '66', '38', '40', '45', '110']"
707,"['48', '72', '73', '25']"
708,"['38', '183', '135', '138', '107', '45', '110']"
709,"['66', '117', '181', '38', '200', '105', '108', '110']"
710,"['97', '67', '117', '40', '109', '46', '110']"
711,"['66', '117', '38', '109', '110']"
712,"['66', '181', '38', '105', '45']"
713,"['67', '38', '110']"
714,"['48', '162', '166', '72', '137', '173', '63']"
715,"['48', '82', '84', '85', '70', '86', '119', '31', '63']"
716,"['48', '129', '84', '70', '88', '79']"
717,"['176', '67', '115', '117', '109', '110', '143']"
718,['157']
719,"['67', '117', '38', '121', '138', '107', '46', '110']"
720,"['48', '82', '35', '52', '70', '86', '71', '119', '57', '63']"
721,"['144', '176']"
722,"['160', '209', '98', '37', '101', '149', '53']"
723,"['67', '38', '184', '105', '123', '157', '189', '126', '191', '127']"
724,"['66', '181', '38', '39', '107', '108', '45', '110']"
725,"['48', '129', '70', '23', '56', '25', '79']"
726,"['162', '84', '87', '168', '24', '89', '91', '92', '79']"
727,"['129', '66', '38', '183', '39', '106', '138', '45']"
728,"['66', '67', '117', '38', '121', '108']"
729,"['66', '67', '117', '181', '38', '108']"
730,"['112', '131', '132', '181', '47']"
731,"['177', '130', '66', '181', '38', '105', '45', '109']"
732,"['144', '129', '67', '115', '117', '121', '110', '143']"
733,"['38', '137', '172', '173', '158', '143', '79']"
734,"['37', '149', '53', '152', '172', '173', '79']"
735,"['107', '157', '143']"
736,"['112', '133', '108', '110', '223']"
737,"['102', '187', '188', '110', '127']"
738,"['115', '163', '84', '164', '149', '155', '94']"
739,"['66', '132', '102', '38', '105', '187', '45']"
740,"['48', '35', '84', '85', '86', '154']"
741,"['177', '66', '131', '117', '38', '183', '121', '45', '109', '110', '111']"
742,"['129', '67', '116', '38', '105', '108', '110', '143']"
743,"['148', '151']"
744,"['163', '151']"
745,"['129', '178', '67', '115', '121', '107', '109', '111']"
746,"['82', '71', '77']"
747,"['48', '81', '84', '70', '23', '72', '73', '63', '79']"
748,"['48', '116', '84', '69', '104', '40', '202', '107', '44', '109', '110', '143']"
749,"['66', '67', '117', '38', '107', '45', '109']"
750,"['66', '132', '102', '38', '40', '138', '108', '45', '110']"
751,['179']
752,"['67', '131', '38', '135', '121', '73', '138', '143']"
753,"['150', '90']"
754,"['66', '67', '117', '38', '135', '121', '105', '108']"
755,"['64', '35', '36', '70', '75', '48', '82', '115', '54', '24', '25', '26', '91', '28', '92']"
756,"['178', '66', '162', '181', '38', '105', '138', '45', '109']"
757,"['48', '129', '162', '84', '70', '135', '23', '143', '79']"
758,"['113', '67', '52', '38', '121', '138', '139', '107', '143', '111']"
759,"['65', '66', '38', '105', '45', '157', '110']"
760,"['48', '70', '137', '154', '94']"
761,"['48', '84', '70', '137', '94', '79']"
762,"['116', '52', '104', '40', '125']"
763,"['48', '131', '190']"
764,"['179', '24', '59', '27', '110']"
765,"['161', '162', '115', '121', '138', '107', '143']"
766,"['67', '102', '183', '168', '138', '107']"
767,"['163', '164', '153', '155', '156', '157']"
768,"['178', '66', '117', '38', '105', '45']"
769,"['132', '104', '107', '143']"
770,"['80', '32', '23', '108']"
771,"['38', '110']"
772,"['144', '66', '38', '105', '45']"
773,"['66', '67', '117', '135', '121', '108', '45', '110']"
774,"['195', '24', '173']"
775,"['66', '131', '116', '117', '181', '38', '105', '108']"
776,"['66', '180', '117', '38', '39', '40', '108', '45']"
777,"['151', '153']"
778,"['66', '132', '181', '38', '187', '45', '109']"
779,"['84', '79']"
780,"['176', '38', '138', '109', '110']"
781,"['102', '124', '143']"
782,"['68', '181', '38', '39', '45']"
783,"['151', '153']"
784,"['48', '115', '137', '79', '111']"
785,"['50', '212', '52', '201', '219', '203']"
786,"['66', '132', '181', '102', '38', '135', '108', '45', '110']"
787,"['162', '56', '72', '63']"
788,['151']
789,"['65', '66', '132', '38', '105', '108', '45', '110', '177', '181', '117', '182', '121']"
790,"['97', '197', '198', '135', '151', '153', '173']"
791,"['194', '178', '67', '132', '189', '143', '63']"
792,"['97', '164', '151', '153', '155']"
793,"['48', '49', '67', '105', '46', '143']"
794,"['194', '67', '72', '40', '44', '109', '173', '46', '48', '176', '49', '115', '181', '56', '188']"
795,"['66', '181', '38', '183', '105', '45']"
796,['162']
797,"['144', '66', '117', '38', '135', '105', '108', '45', '110']"
798,"['144', '67', '131', '52', '38', '122', '138', '125']"
799,"['50', '151', '152']"
800,"['48', '97', '84', '70', '135', '137', '94', '79']"
801,"['48', '73']"
802,"['145', '67', '131', '116', '38', '138', '187', '45', '110']"
803,"['151', '153', '156']"
804,"['224', '225', '227', '45', '222', '207', '223']"
805,"['129', '162', '84', '158', '79']"
806,"['38', '105']"
807,"['178', '67', '115', '102', '39', '106', '143']"
808,"['66', '67', '117', '38', '121', '108']"
809,"['48', '144', '82', '67', '40', '121', '44', '124', '46', '110', '111']"
810,['48']
811,['48']
812,"['48', '129', '84', '70', '23', '73', '137']"
813,"['177', '67', '52', '118', '122', '138', '110']"
814,"['97', '73', '94']"
815,"['66', '132', '117', '181', '38', '105', '187', '45', '157']"
816,['157']
817,"['130', '66', '132', '181', '38', '105', '187', '188', '45']"
818,"['129', '84', '70', '150', '135', '88', '31']"
819,"['113', '178', '66', '181', '102', '38', '139', '45']"
820,"['52', '56']"
821,"['66', '132', '117', '181', '102', '38', '105', '106', '45', '109']"
822,"['163', '84', '148', '150', '151', '155', '94', '95']"
823,"['116', '38', '105', '42', '107', '45', '110']"
824,"['162', '104', '138', '143']"
825,"['65', '194', '130', '66', '67', '132', '38', '187', '45', '191']"
826,"['38', '183']"
827,"['64', '49', '72', '216', '88', '26', '27', '28', '79']"
828,"['84', '181', '102', '104', '105', '137', '173', '31', '79', '111']"
829,['169']
830,"['65', '83', '131', '183', '135', '109', '110']"
831,['48']
832,['73']
833,"['38', '39']"
834,"['48', '83', '84', '70', '73', '138', '107', '143']"
835,"['132', '102', '105']"
836,"['66', '181', '102', '38', '45']"
837,"['117', '108', '45', '110']"
838,"['129', '67', '102', '106', '45', '109', '110']"
839,"['129', '67', '181', '38', '106', '109']"
840,"['176', '67', '38', '188', '189']"
841,"['97', '63']"
842,"['48', '69', '202', '109', '110']"
843,"['65', '117', '181', '38', '121', '105', '45', '110']"
844,"['48', '129', '168', '171', '107', '172', '157', '31', '143', '63']"
845,"['144', '131', '181', '38', '135', '105', '46', '110']"
846,['151']
847,"['66', '102', '38', '106', '45', '109']"
848,"['66', '181', '38', '105', '45']"
849,"['66', '67', '117', '38', '135', '106', '108']"
850,"['112', '132', '102', '105', '47']"
851,"['67', '179', '131', '115', '52', '46', '110']"
852,"['130', '67', '102', '138', '107', '46', '110', '111', '144', '83', '181', '118', '121', '157', '191']"
853,['48']
854,"['67', '116', '196', '38', '183', '135', '138', '110']"
855,"['151', '155']"
856,"['66', '132', '117', '107', '45', '109']"
857,"['48', '73', '63']"
858,"['35', '164', '37', '135', '138', '207', '143', '209', '50', '83', '84', '53', '117', '149', '183', '151', '155']"
859,"['129', '162', '67', '183', '138', '44', '46', '110', '143']"
860,"['48', '83', '123', '107', '189', '126', '191', '79']"
861,"['84', '148', '150', '151', '94', '95']"
862,"['104', '107']"
863,"['130', '123', '127']"
864,"['87', '168', '89', '79']"
865,"['129', '66', '38', '39', '105', '45', '109', '110', '178', '117', '121', '124', '190']"
866,"['66', '117', '38', '105']"
867,"['65', '177', '66', '117', '38', '135', '105', '45']"
868,"['135', '121', '138', '173']"
869,"['115', '52', '118', '119', '42']"
870,['67']
871,"['66', '181', '182', '38', '105', '187', '45', '31']"
872,['143']
873,"['129', '115', '116', '154', '44', '143']"
874,"['67', '117', '121', '138', '110']"
875,"['67', '132', '102', '38', '135', '168', '73', '108', '191']"
876,"['183', '187']"
877,"['176', '129', '106', '124', '46', '110']"
878,"['194', '210', '162', '115', '149', '166', '107', '157', '189', '190', '191']"
879,['31']
880,"['129', '104', '143']"
881,"['144', '131', '183', '88', '74']"
882,"['97', '67', '198', '75', '43', '140', '81', '85', '183', '119', '154', '122', '157']"
883,"['151', '153', '155']"
884,"['177', '68', '181', '102', '38', '39', '105', '45']"
885,"['48', '88', '143']"
886,['30']
887,"['66', '67', '117', '181', '38', '121', '105', '108']"
888,"['66', '102', '38', '200', '105', '108']"
889,"['129', '23', '168', '79']"
890,"['151', '153']"
891,"['176', '129', '115', '104', '220', '143']"
892,"['144', '66', '181', '102', '38', '135', '121', '105', '187', '45']"
893,"['66', '181', '38', '105', '187', '108', '45', '110']"
894,"['67', '38', '107']"
895,"['48', '162', '84', '73', '79']"
896,"['66', '67', '117', '181', '38', '121', '108']"
897,"['163', '151']"
898,['151']
899,"['48', '97', '34', '126']"
900,"['66', '67', '117', '181', '38', '135', '105', '109']"
901,"['129', '67', '38', '187', '107', '188', '157', '189', '109', '126']"
902,"['132', '56', '153', '155', '157', '63']"
903,"['38', '183', '39', '168', '63', '191']"
904,"['67', '132', '117', '135', '41', '42', '138', '187', '107', '43', '44', '110']"
905,"['38', '187', '109']"
906,"['67', '132', '39', '41', '42', '138', '110']"
907,"['48', '69', '53', '39', '202', '45']"
908,"['48', '144', '162', '70', '24']"
909,"['84', '110']"
910,"['48', '129', '162', '84', '70', '23', '24', '73', '25', '63', '79']"
911,"['115', '23', '104']"
912,"['67', '52', '181', '38', '154', '45']"
913,['176']
914,"['48', '192', '97', '23', '95']"
915,"['66', '181', '102', '38', '105', '45', '109', '110', '111']"
916,"['178', '66', '181', '38', '105', '45', '31']"
917,"['48', '144', '104', '24', '88', '73', '25', '124', '79']"
918,"['66', '117', '181', '38', '183', '105', '45', '109']"
919,"['82', '84', '164', '183', '121', '73', '137', '154', '122', '138', '143', '79']"
920,"['129', '67', '181', '38', '138', '187', '107', '110', '143']"
921,"['67', '38', '138', '107', '157', '46']"
922,"['194', '186', '171', '187']"
923,"['196', '148', '156', '173']"
924,"['67', '117', '121', '138', '46', '110']"
925,"['226', '227', '131', '228', '205', '206']"
926,"['151', '155']"
927,"['37', '149', '154', '172', '46']"
928,"['129', '162', '72', '63']"
929,"['38', '138', '187', '157', '46', '143']"
930,"['48', '82', '163', '52', '70', '91', '92', '46']"
931,['57']
932,"['178', '66', '117', '38', '105', '45']"
933,"['65', '178', '66', '132', '117', '181', '38', '45']"
934,"['38', '46']"
935,['110']
936,"['129', '67', '117', '181', '102', '168', '109', '110', '63']"
937,"['115', '35', '36', '54']"
938,"['97', '72', '169', '122', '74', '157', '46', '143']"
939,"['129', '67', '106', '138', '187', '110']"
940,['38']
941,"['84', '148', '150', '151', '155', '156', '94', '95']"
942,"['163', '84', '148', '151', '94', '95']"
943,"['48', '49', '67', '38', '88', '187', '46', '110']"
944,"['176', '138', '107', '63']"
945,"['66', '117', '38', '105', '187', '108', '45']"
946,"['48', '144', '129', '84', '70', '79']"
947,"['84', '148', '155', '156', '94', '95']"
948,"['112', '213', '214', '204', '47']"
949,"['66', '102', '38', '105', '187', '45', '109']"
950,"['177', '66', '131', '181', '38', '183', '200', '74', '108', '31']"
951,"['144', '52', '138', '107']"
952,"['64', '48', '34', '83', '88']"
953,"['163', '84', '164', '148', '151', '155', '94', '95']"
954,"['66', '117', '181', '102', '38', '121', '105', '45', '109', '110']"
955,"['162', '183', '23', '122']"
956,"['178', '66', '102', '38', '39', '105', '45', '110', '63']"
957,"['176', '67', '131', '38', '105', '109', '110']"
958,['151']
959,"['48', '144', '162', '70', '166', '23', '72', '136', '73', '107', '94', '79']"
960,"['66', '181', '102', '107', '157', '126', '110']"
961,"['129', '162', '63']"
962,"['72', '73']"
963,"['66', '132', '181', '38', '187', '45']"
964,"['178', '66', '117', '38', '105', '45', '109']"
965,"['209', '162', '37', '149', '216', '90', '143']"
966,"['98', '37', '149', '90']"
967,"['112', '38', '204', '47']"
968,"['66', '117', '38', '135', '45', '109', '110']"
969,"['149', '107']"
970,"['129', '168', '73', '26', '92']"
971,"['84', '151']"
972,"['67', '117', '138', '107', '157', '143']"
973,"['66', '38', '105']"
974,['159']
975,"['48', '144', '162', '72', '31', '143']"
976,"['160', '67', '38', '138', '107', '157']"
977,"['129', '113', '67', '181', '38', '106', '139', '143']"
978,"['176', '67', '131', '38', '187']"
979,"['151', '173']"
980,"['66', '117', '181', '102', '38', '45', '110']"
981,"['66', '117', '181', '38', '105', '45']"
982,"['129', '130', '162', '197', '70', '173', '79', '48', '84', '150', '23', '24', '88', '185', '94']"
983,"['82', '154']"
984,"['48', '84', '70', '94', '79']"
985,"['115', '36', '100', '70', '24', '25', '26', '75']"
986,"['65', '66', '67', '117', '181', '38', '108']"
987,"['48', '69']"
988,"['48', '84', '70', '23', '73', '63', '79']"
989,"['37', '149', '53']"
990,"['177', '66', '38', '105', '45', '109']"
991,['176']
992,"['209', '83', '37', '149', '53', '73', '143']"
993,"['132', '52', '119', '168', '24', '41', '46']"
994,"['67', '132', '102', '38', '40', '121', '138', '187', '109', '46', '110', '143']"
995,"['48', '144', '49', '67', '117', '183', '121', '46', '110']"
996,"['176', '129', '162', '67', '38', '104', '143']"
997,['166']
998,"['65', '66', '67', '117', '38', '108']"
999,"['124', '45', '110']"
1000,['46']
1001,"['48', '83', '84', '70', '73', '106', '138', '63', '79']"
1002,"['66', '117', '181', '38', '105', '45', '109', '110']"
1003,"['49', '67', '40']"
1004,"['65', '50', '66', '131', '117', '181', '38', '105', '45']"
1005,"['129', '162', '84', '79']"
1006,"['48', '97', '162', '115', '70', '72', '73', '124', '46', '79']"
1007,"['65', '177', '66', '117', '102', '38', '105', '45', '109']"
1008,"['66', '67', '38', '104', '121', '105', '45', '143']"
1009,"['48', '132', '84', '70', '73', '171', '107', '79']"
1010,"['65', '66', '67', '131', '38', '135', '105', '45', '109', '110', '111', '82', '116', '181', '117', '121']"
1011,"['129', '132', '70', '102', '135', '104', '73', '79', '143', '48', '83', '84', '25', '29', '94']"
1012,"['115', '52', '56', '104', '107']"
1013,"['66', '132', '117', '181', '38', '135', '45']"
1014,"['138', '107', '109', '143']"
1015,"['98', '35', '37', '149', '53', '152', '90', '173']"
1016,"['113', '66', '181', '38', '105', '139', '108', '45']"
1017,"['48', '82', '162', '115', '84', '168', '89', '91', '92', '79']"
1018,"['35', '211', '84', '87', '91']"
1019,"['128', '149', '198', '134', '152', '138', '44', '173', '143', '79']"
1020,"['178', '66', '67', '196', '181', '38', '105', '154', '45', '109', '111']"
1021,['35']
1022,"['66', '163', '196', '133', '38', '200', '74', '109', '111', '145', '51', '181', '183', '190']"
1023,"['163', '84', '148', '150', '94']"
1024,"['67', '150', '104', '185', '121', '173', '126', '110', '31', '143']"
1025,"['163', '151', '156']"
1026,['60']
1027,"['66', '117', '38', '108', '45', '110']"
1028,"['67', '38', '183', '138', '45']"
1029,"['176', '67', '131', '115', '181', '38', '187', '107', '143']"
1030,"['82', '35', '211', '89', '26', '91']"
1031,"['48', '63', '79']"
1032,"['192', '199', '151', '136', '153', '172', '156', '31']"
1033,"['98', '149', '90']"
1034,"['148', '150', '94']"
1035,"['48', '129', '115', '84', '56', '138', '107', '63']"
1036,"['161', '25']"
1037,"['64', '176', '54', '121', '107', '46', '110']"
1038,['181']
1039,"['129', '131', '132', '102', '38', '106', '108', '45', '109', '110']"
1040,"['107', '110', '31']"
1041,"['224', '112', '225', '205', '47', '207', '223']"
1042,['83']
1043,"['144', '66', '131', '117', '135', '121', '108', '110']"
1044,"['66', '181', '38', '105', '187', '45']"
1045,"['144', '49', '67', '131', '52', '181', '38', '105', '109']"
1046,['30']
1047,"['66', '38', '39', '41', '108', '45']"
1048,"['48', '129', '162', '83', '84', '70', '88', '73', '79']"
1049,"['151', '153']"
1050,"['38', '124']"
1051,"['66', '67', '131', '117', '181', '38', '121', '105', '108', '110']"
1052,"['121', '108']"
1053,"['209', '83', '35', '117', '70', '135', '88', '138']"
1054,"['177', '162', '67', '131', '38', '135', '107', '110', '143']"
1055,"['129', '67', '179', '38', '106', '110']"
1056,"['178', '66', '38', '138', '45', '157', '46']"
1057,"['65', '66', '131', '132', '181', '38', '187', '45', '190', '191']"
1058,"['63', '79']"
1059,"['144', '176', '138', '110', '143']"
1060,"['66', '131', '196', '38', '135', '105', '44', '108', '45', '111', '177', '181', '117', '31']"
1061,"['145', '66', '117', '181', '102', '38', '105', '45']"
1062,"['194', '130', '66', '132', '117', '102', '38', '183', '106', '187', '45']"
1063,"['177', '66', '38', '105', '108', '45']"
1064,"['48', '82', '84', '70', '135', '25', '137', '29', '94', '79']"
1065,"['66', '117', '38', '108', '45', '110']"
1066,"['129', '67', '181', '38', '121', '106', '109']"
1067,['94']
1068,"['65', '177', '66', '117', '38', '135', '105', '108', '45', '110']"
1069,"['176', '129', '67', '106', '108', '110']"
1070,"['178', '66', '132', '102', '38', '168', '108', '45']"
1071,"['37', '53', '73']"
1072,"['177', '66', '132', '181', '38', '45']"
1073,"['97', '67', '115', '116', '148', '135', '186', '138', '107', '110', '190', '143']"
1074,"['48', '116', '84', '102', '23', '56', '120', '72', '73', '77', '79']"
1075,"['65', '178', '66', '117', '38', '121', '108']"
1076,"['73', '188']"
1077,"['48', '84', '56', '72', '88', '77', '63']"
1078,"['35', '100', '23', '57', '30']"
1079,"['178', '68', '181', '38', '39', '105', '45']"
1080,['104']
1081,"['65', '66', '67', '131', '196', '198', '38', '135', '105', '109', '110', '207', '111', '181', '117', '150', '121', '190']"
1082,"['107', '157']"
1083,"['65', '66', '131', '132', '181', '102', '38', '187', '45', '190']"
1084,"['116', '150', '120', '24', '173']"
1085,"['177', '66', '67', '117', '38', '105', '45']"
1086,"['162', '67', '131', '135', '40', '138', '107', '44', '46', '142', '111', '143', '144', '49', '52', '121', '187']"
1087,"['48', '178', '68']"
1088,"['67', '117', '38', '121', '46', '110']"
1089,"['66', '132', '102', '38', '135', '105', '107', '45', '109', '110', '111', '52', '116', '117', '121']"
1090,"['129', '162', '67', '166', '135', '104', '138', '109', '46', '110', '143', '150', '157']"
1091,"['66', '117', '181', '38', '45', '157', '110']"
1092,"['67', '38', '110', '63']"
1093,"['66', '116', '117', '181', '38', '105', '45']"
1094,"['66', '102', '38', '39', '45']"
1095,"['117', '38', '135', '45']"
1096,['63']
1097,"['66', '181', '102', '38', '45']"
1098,"['48', '162', '84', '70', '71', '23', '72', '88', '73', '138', '172', '79']"
1099,"['151', '156']"
1100,"['98', '35', '37', '149', '53', '152', '90', '172']"
1101,"['48', '24']"
1102,"['194', '66', '132', '181', '182', '102', '38', '106', '187', '45', '157', '191']"
1103,"['48', '129', '83', '56', '72', '88', '73']"
1104,"['48', '67', '39', '40', '107', '46']"
1105,"['176', '129', '67', '181', '38', '105', '106', '138', '110']"
1106,"['65', '66', '132', '38', '187', '108', '45']"
1107,"['83', '164', '148', '156', '94', '95']"
1108,"['48', '130', '99', '84', '70', '25', '79']"
1109,"['48', '56', '24', '25', '29', '94']"
1110,"['132', '102', '138']"
1111,"['144', '176', '135', '143']"
1112,"['130', '67', '102', '123', '126', '110']"
1113,"['177', '66', '132', '181', '102', '38', '45', '110']"
1114,['45']
1115,"['144', '67', '52', '38', '55', '135', '121', '107', '31', '111']"
1116,"['48', '82', '25', '29']"
1117,"['162', '56', '72', '63']"
1118,"['177', '66', '117', '181', '182', '38', '105', '45']"
1119,['72']
1120,"['82', '70', '119', '25', '76', '63']"
1121,"['144', '67', '181', '183', '121', '105', '45']"
1122,"['84', '151', '153']"
1123,"['98', '83', '35', '36', '117', '37', '149', '53', '135', '152', '110']"
1124,"['149', '118']"
1125,"['102', '168', '107', '110']"
1126,"['177', '66', '181', '182', '38', '105', '45', '31']"
1127,"['163', '84', '148', '150', '151', '169', '153', '155', '156', '157', '94']"
1128,"['116', '107', '45', '110']"
1129,"['66', '181', '102', '38', '105', '187', '45', '109', '110']"
1130,"['144', '160', '178', '67', '131', '181', '135']"
1131,"['84', '25']"
1132,"['66', '38', '105', '45']"
1133,['105']
1134,"['83', '196', '70', '86', '88', '136', '26', '124']"
1135,"['160', '176', '212', '117', '181']"
1136,"['38', '123', '157', '126', '127']"
1137,"['183', '104', '187', '107', '143']"
1138,"['66', '67', '117', '38', '105', '45', '110']"
1139,"['176', '67', '117', '109', '110']"
1140,"['38', '39', '45']"
1141,"['48', '176', '49', '115', '143']"
1142,"['177', '66', '163', '117', '181', '38', '121', '138', '45', '157', '109', '143']"
1143,"['141', '46', '110']"
1144,"['67', '52', '38', '119', '74', '110']"
1145,"['181', '138', '143']"
1146,"['176', '162', '116', '84', '52', '138', '187', '107', '110', '143']"
1147,"['66', '117', '181', '38', '105', '108', '45', '110']"
1148,['151']
1149,"['84', '151', '156']"
1150,"['48', '83', '117', '121', '25', '79']"
1151,"['99', '163', '84', '151', '155']"
1152,"['67', '52', '117', '121', '138', '107', '46', '110']"
1153,"['67', '38', '45', '157']"
1154,"['112', '123', '47']"
1155,"['48', '209', '83', '101', '70', '88', '73', '207']"
1156,"['117', '38', '135', '109', '110']"
1157,"['50', '131', '181', '215', '135', '217', '201', '107', '174', '110', '47']"
1158,"['162', '163', '84', '164', '148', '151', '155', '94', '95']"
1159,"['65', '66', '117', '181', '38', '135', '105', '108', '45', '110']"
1160,['60']
1161,"['144', '138', '107', '157', '110']"
1162,"['66', '67', '116', '117', '38', '154', '107', '108', '45', '110']"
1163,"['66', '117', '69', '181', '182', '38', '105']"
1164,"['67', '131', '52', '117', '138', '109', '110']"
1165,"['66', '117', '181', '38', '105', '45']"
1166,"['117', '198', '102', '38', '57', '41', '107', '78']"
1167,"['145', '66', '131', '196', '181', '38', '200', '185', '186', '108', '222', '191']"
1168,"['66', '117', '181', '38', '121', '105', '45', '109']"
1169,"['178', '66', '181', '38', '105', '45']"
1170,"['48', '168', '104', '143', '111']"
1171,"['129', '66', '132', '196', '102', '38', '122', '108', '45', '110', '191']"
1172,"['48', '24']"
1173,"['144', '67', '132', '117', '135', '121', '105', '138', '107']"
1174,"['144', '67', '38', '138', '45', '157']"
1175,"['144', '176', '67', '115', '107', '109', '46', '110']"
1176,['91']
1177,"['160', '50', '151', '143', '79']"
1178,"['66', '102', '38', '45']"
1179,"['25', '42']"
1180,"['130', '194', '67', '131', '38', '106', '107', '109', '183', '187', '123', '188', '189', '126', '191']"
1181,"['48', '144', '83', '84', '117', '70', '71', '56', '24', '63']"
1182,['151']
1183,"['119', '202', '63']"
1184,"['131', '183', '138', '141']"
1185,"['35', '212', '117', '37', '53', '138', '204', '143', '207']"
1186,"['67', '38', '138', '187', '107', '110']"
1187,"['48', '49', '129', '67', '107', '79']"
1188,"['67', '154', '138', '107', '110', '143', '111']"
1189,"['67', '181', '38', '39', '105']"
1190,"['129', '67', '166', '107', '173']"
1191,"['129', '194', '82', '89', '91', '143', '63']"
1192,"['68', '181', '38', '39', '45']"
1193,"['48', '84']"
1194,"['224', '225', '181', '167', '205', '47', '207', '223']"
1195,"['117', '181', '110']"
1196,"['98', '35', '36', '37', '149', '53', '90', '172']"
1197,"['177', '66', '181', '38', '105', '45']"
1198,"['67', '181', '38', '168', '56', '169', '106', '110']"
1199,"['176', '104', '138', '143']"
1200,"['73', '189']"
1201,"['67', '38', '183', '135', '104', '121', '190', '31', '143']"
1202,"['67', '131', '181', '38', '183', '121', '105', '106', '109', '63']"
1203,"['66', '38', '105', '187', '45', '31']"
1204,"['144', '67', '104', '40', '105', '154', '110', '143', '111']"
1205,"['163', '164', '148', '70', '151', '107', '94', '95']"
1206,"['48', '183', '46', '174']"
1207,"['176', '67', '154', '110', '143']"
1208,"['178', '66', '117', '181', '38', '105', '45', '109']"
1209,"['196', '88', '143']"
1210,"['48', '83', '84', '117', '70', '135', '120', '137', '79']"
1211,"['48', '97', '135', '23', '44', '157']"
1212,"['176', '162', '163', '196', '150', '135', '23', '168', '173', '143']"
1213,"['129', '162', '67', '38', '157', '109', '46', '110', '143']"
1214,"['144', '56', '143']"
1215,"['176', '38']"
1216,"['176', '129', '66', '38', '168', '106', '45', '110']"
1217,"['67', '117', '38', '105', '138', '45', '109', '110']"
1218,"['88', '26', '124']"
1219,"['131', '151', '153']"
1220,"['66', '132', '117', '102', '38', '45', '157', '110']"
1221,"['176', '67', '35', '188', '46']"
1222,"['96', '64', '48', '35', '147', '117', '53', '70', '38', '139', '93', '143']"
1223,"['98', '101', '149', '53', '150', '207']"
1224,"['82', '84', '119', '26', '188', '76', '189', '29', '79']"
1225,"['66', '67', '38', '121', '108', '110']"
1226,"['49', '67', '117', '38', '183', '138', '107', '46', '110', '143']"
1227,"['66', '181', '38', '105', '45']"
1228,"['66', '181', '38', '105', '45']"
1229,"['66', '181', '38', '105', '45']"
1230,"['136', '156', '95']"
1231,"['66', '117', '38', '135', '108', '45', '110']"
1232,"['150', '136', '63']"
1233,"['178', '66', '117', '181', '102', '38', '121', '105', '45', '109']"
1234,"['192', '168', '60']"
1235,"['176', '132', '196', '117', '181', '198', '102', '187', '188', '108', '157', '110']"
1236,"['147', '38', '105']"
1237,"['48', '209', '83', '115', '70', '88', '73']"
1238,"['144', '178', '67', '38', '105', '138', '110', '207']"
1239,['151']
1240,"['48', '129', '84', '70', '88', '79']"
1241,['143']
1242,['129']
1243,['151']
1244,"['48', '84', '70', '135', '24', '25', '29', '94']"
1245,"['119', '138', '60']"
1246,"['67', '115', '117', '70', '23', '121', '73', '187', '143', '79']"
1247,"['38', '110']"
1248,"['176', '38', '135', '138', '46']"
1249,"['97', '150', '72', '137']"
1250,"['176', '132', '46']"
1251,['73']
1252,"['138', '187']"
1253,"['48', '82', '84', '70', '25', '137', '173', '94']"
1254,"['113', '66', '117', '181', '38', '105', '139', '108']"
1255,"['48', '160', '49', '83', '115', '135', '187', '107', '124']"
1256,"['209', '35', '37', '101', '53', '152', '88', '25', '30']"
1257,"['67', '117', '38', '105', '110']"
1258,"['129', '162', '84', '158', '79']"
1259,"['66', '67', '117', '38', '121', '108']"
1260,"['48', '208', '52', '70', '103', '63', '79']"
1261,"['64', '25']"
1262,"['48', '160', '117', '105', '106', '91']"
1263,"['48', '130', '25', '157']"
1264,"['131', '38', '183', '138', '107', '45', '110']"
1265,"['67', '116', '38', '39', '105', '138', '187', '109', '143']"
1266,"['66', '117', '38', '108', '45', '110']"
1267,"['66', '117', '105', '45', '109', '110']"
1268,"['65', '50', '66', '196', '181', '38', '105', '138', '44', '45', '110', '111']"
1269,"['148', '151', '155', '172', '156', '173', '94', '95']"
1270,"['48', '160', '209', '82', '83', '196', '52', '70', '88', '73', '25']"
1271,"['163', '164', '148', '151', '155', '94', '95']"
1272,"['176', '168', '138', '123', '141', '189', '126', '191', '127']"
1273,['119']
1274,"['66', '181', '38', '105', '45', '110']"
1275,"['66', '117', '38', '105', '187', '45', '157', '143']"
1276,"['64', '83', '25', '29']"
1277,"['66', '117', '181', '38', '108', '45', '110']"
1278,"['48', '144', '84', '70', '166', '23', '152', '73', '60', '63', '79']"
1279,"['178', '66', '117', '181', '45', '109', '110']"
1280,"['178', '66', '132', '181', '102', '38', '45', '109', '111']"
1281,"['70', '119', '26', '76', '29', '63']"
1282,"['119', '75']"
1283,"['52', '117', '45', '47']"
1284,"['68', '117', '181', '102', '38', '39', '105', '45']"
1285,"['129', '67', '38', '106', '187', '63']"
1286,"['48', '144', '176']"
1287,"['144', '67', '38', '121', '138', '107', '110']"
1288,"['176', '38', '135', '40', '45', '110']"
1289,"['162', '166', '40', '158']"
1290,['84']
1291,"['176', '107']"
1292,"['176', '138', '187', '107']"
1293,"['65', '66', '181', '102', '38', '45']"
1294,"['67', '121', '138', '107', '157', '110', '111']"
1295,"['162', '67', '131', '116', '181', '105', '138', '107', '143']"
1296,"['48', '129', '70', '23', '73', '79']"
1297,"['50', '151', '155']"
1298,"['178', '131', '116', '38', '135', '121', '105', '110']"
1299,"['63', '191']"
1300,"['176', '83', '67', '131', '116', '132', '166', '183', '107', '46', '111']"
1301,"['131', '68', '132', '196', '38', '39', '202', '108', '180', '52', '181', '117', '185', '154', '186']"
1302,"['67', '131', '84', '38', '105', '107', '157']"
1303,"['84', '148', '151', '153', '156', '94', '95']"
1304,"['84', '164', '148', '151', '156', '94', '95']"
1305,"['151', '153', '155']"
1306,"['144', '67', '181', '138', '107', '46']"
1307,"['48', '84', '183', '24', '25', '29']"
1308,"['196', '85', '70', '168', '56', '40', '121', '138', '107', '143']"
1309,"['48', '160', '35', '86', '25', '26', '124', '142']"
1310,"['84', '164', '148', '151', '155', '156', '94', '95']"
1311,"['99', '116', '52', '150', '172', '44']"
1312,"['129', '82', '67', '131', '196', '135', '104', '154', '187', '46', '110', '143']"
1313,['151']
1314,"['160', '35', '101']"
1315,"['144', '67', '181', '38', '135', '121', '138', '187']"
1316,"['145', '67', '52', '181', '38']"
1317,"['67', '132', '149', '102', '124', '45']"
1318,['38']
1319,['143']
1320,['52']
1321,"['145', '66', '67', '132', '52', '117', '38', '200', '74', '44', '109', '110']"
1322,['64']
1323,"['115', '40', '124', '173']"
1324,"['129', '67', '38', '106', '189', '110', '63']"
1325,"['67', '52', '117', '118', '183', '135', '121', '46', '110']"
1326,"['144', '160', '83', '67', '131', '183', '135', '121']"
1327,"['176', '162', '67', '52', '138', '141', '157', '110', '143']"
1328,"['194', '84', '164', '148', '150', '151', '155', '156', '94']"
1329,"['163', '164', '151', '153', '155', '156', '143', '79']"
1330,"['163', '116', '84', '164', '148', '151', '155', '94', '79', '95']"
1331,"['48', '162', '70', '88', '63']"
1332,"['208', '51', '103', '152', '25', '74', '63', '79']"
1333,['38']
1334,"['82', '131', '116', '38', '154', '42', '45']"
1335,"['194', '164', '151', '153', '94', '143', '95']"
1336,"['67', '131', '183', '107', '125', '143']"
1337,"['151', '221', '222']"
1338,"['115', '104']"
1339,"['151', '123', '126']"
1340,"['66', '181', '38', '39', '45']"
1341,"['163', '84', '151', '153', '156', '94', '95']"
1342,"['144', '129', '67', '115', '181', '104', '121', '138', '143']"
1343,"['66', '132', '38', '105', '45', '109']"
1344,"['162', '198', '102', '106', '143']"
1345,"['64', '53', '198', '150', '216']"
1346,"['66', '180', '68', '38', '39', '45']"
1347,"['130', '140', '157', '31']"
1348,"['110', '47']"
1349,"['177', '66', '102', '38', '39', '105', '106', '45', '46']"
1350,"['50', '151', '153']"
1351,"['178', '66', '131', '132', '181', '38', '45', '190', '191']"
1352,"['98', '35', '36', '37', '149', '53', '152', '90', '173']"
1353,"['97', '135', '56', '104', '107', '157', '46', '143']"
1354,['151']
1355,"['65', '196']"
1356,"['144', '66', '67', '105']"
1357,"['131', '84', '135', '23', '121', '31', '143']"
1358,"['178', '66', '181', '38', '105', '107', '45']"
1359,"['35', '88', '73', '25', '75']"
1360,"['48', '209', '82', '83', '70', '88', '138', '124']"
1361,"['145', '66', '68', '132', '181', '102', '38', '105', '106', '45', '109']"
1362,"['112', '50', '212', '52', '217', '201', '218', '219', '203', '174', '47']"
1363,"['144', '67', '131', '38', '138', '45']"
1364,"['177', '66', '196', '117', '102', '38', '105', '45', '190']"
1365,"['67', '38', '138', '187', '107', '44', '46', '111']"
1366,"['68', '69', '38', '39', '105', '44', '108', '45', '46', '110', '181', '117', '119']"
1367,"['67', '38', '71', '40', '121', '41', '107', '46', '110']"
1368,"['66', '117', '38', '105', '138', '45', '109', '110', '143']"
1369,"['68', '181', '38', '39', '105', '45']"
1370,"['66', '181', '198', '38', '185', '105', '186', '45', '190']"
1371,"['176', '52']"
1372,"['129', '66', '181', '102', '38', '106', '108']"
1373,"['131', '84', '164', '148', '187', '79']"
1374,"['65', '66', '67', '132', '102', '38', '45']"
1375,"['45', '205']"
1376,"['66', '117', '38', '108', '45', '110']"
1377,"['50', '151', '153']"
1378,"['48', '144', '166', '124', '143', '63']"
1379,"['48', '49', '67', '115', '116', '138', '46', '111']"
1380,"['48', '73', '79']"
1381,"['119', '151', '153', '42', '172', '173']"
1382,"['176', '67', '131', '115', '38', '104', '138', '107', '110', '143', '207']"
1383,"['176', '129', '97', '115', '116', '42', '138', '44']"
1384,"['66', '117', '38', '121', '105', '187', '107', '45', '157']"
1385,"['162', '67', '131', '117', '138', '187', '107', '109', '110', '143']"
1386,"['41', '75']"
1387,"['66', '67', '117', '181', '38', '105', '108']"
1388,"['48', '129', '84', '38', '23', '56', '72', '31']"
1389,"['176', '129', '135', '138', '107', '143']"
1390,"['177', '66', '181', '102', '38', '104', '45']"
1391,"['82', '52', '85', '53', '168', '154']"
1392,"['67', '107', '63']"
1393,"['48', '84', '70', '119', '103', '216', '26', '76', '29', '79']"
1394,"['65', '181', '102', '38', '45']"
1395,"['163', '148', '151', '155', '94', '143', '95']"
1396,"['48', '49', '129', '67', '102', '40', '108', '46', '110', '143']"
1397,['151']
1398,"['194', '66', '132', '102', '38', '108', '45', '191']"
1399,"['115', '149', '143', '207']"
1400,"['97', '72', '137', '172', '173', '158', '79']"
1401,"['64', '35', '36', '24', '73', '25', '26', '27', '28']"
1402,"['66', '102', '38', '45']"
1403,"['194', '84', '70', '168', '169', '191', '79']"
1404,"['48', '97', '84', '70', '166', '137', '75', '107', '172', '94', '79']"
1405,"['104', '142', '111']"
1406,"['162', '166', '120', '173']"
1407,"['144', '67', '107', '157', '143', '111']"
1408,"['144', '129', '67', '117', '135', '121', '187', '109', '46', '110']"
1409,"['177', '130', '66', '67', '132', '196', '117', '38', '105', '45', '109', '111']"
1410,"['162', '87', '23', '107', '92', '30', '190', '79']"
1411,"['38', '157', '46', '31']"
1412,"['48', '162', '67', '120', '104', '122', '107']"
1413,"['176', '66', '67', '38', '107', '143']"
1414,"['149', '56', '72', '73', '77']"
1415,"['97', '196', '52', '166', '56', '72', '136', '137', '122', '75', '172', '173']"
1416,"['48', '129', '84', '70', '102', '88', '73', '143', '79']"
1417,"['131', '117', '69', '38', '45']"
1418,"['35', '52', '117', '53', '70', '23', '40', '154', '26', '107', '143', '63']"
1419,"['177', '66', '181', '38', '105', '45']"
1420,"['67', '123', '188', '157', '189', '126', '110', '127']"
1421,"['162', '56', '77', '143']"
1422,"['67', '132', '38', '39', '105', '41', '187', '110']"
1423,"['52', '45']"
1424,"['68', '181', '38', '39', '105', '45', '109']"
1425,"['66', '117', '183', '121', '105', '45']"
1426,"['48', '84', '166', '79']"
1427,"['144', '67', '131', '102', '135', '121', '187', '45', '46', '143']"
1428,"['104', '154', '107', '46', '110', '143', '111']"
1429,['151']
1430,"['48', '56', '73', '77', '63']"
1431,"['66', '38', '183', '105', '45', '109']"
1432,"['130', '67', '117', '38', '191']"
1433,['25']
1434,"['198', '73']"
1435,"['67', '115', '116', '138', '107', '44', '108', '45', '46', '110']"
1436,"['65', '194', '66', '132', '196', '181', '182', '38', '105', '187', '45', '110']"
1437,"['144', '67', '115', '117', '135', '154', '110', '143']"
1438,"['35', '196', '52', '85', '70', '71', '119', '56', '60', '110']"
1439,"['38', '108', '45', '110']"
1440,"['177', '66', '117', '181', '182', '38', '105', '45']"
1441,"['145', '66', '181', '38', '200', '186', '108', '191']"
1442,"['48', '176', '162', '135', '173', '110', '143']"
1443,"['67', '115', '117', '121', '109', '110', '143', '111']"
1444,"['66', '132', '181', '38', '45']"
1445,"['66', '132', '117', '38', '183', '108', '45', '110']"
1446,"['66', '181', '38', '105', '187', '45']"
1447,"['145', '65', '117', '38', '200', '108', '110']"
1448,"['144', '176', '52', '104', '121', '154', '138', '46', '110']"
1449,['111']
1450,"['129', '67', '38', '106', '45', '109', '110']"
1451,"['48', '209', '82', '101', '70', '23', '88', '26', '75']"
1452,"['66', '117', '181', '38', '105', '187', '45', '109', '110']"
1453,"['67', '116', '38', '105', '138', '46']"
1454,"['38', '63']"
1455,"['83', '67', '38', '104', '138', '110', '143', '111']"
1456,['118']
1457,"['50', '163', '84', '164', '148', '150', '151', '153', '155', '156', '94', '95']"
1458,"['209', '59']"
1459,"['161', '97', '70', '40', '136', '137', '172', '79', '48', '80', '83', '84', '24', '120', '88', '25', '154', '124', '94']"
1460,"['67', '117', '107']"
1461,"['177', '66', '67', '131', '181', '38', '121', '105', '108', '45', '110']"
1462,"['48', '84', '117', '70', '137', '79']"
1463,"['98', '35', '212', '101', '53', '88', '105', '25', '138', '124', '142']"
1464,"['163', '132', '84', '148', '151', '155', '94', '95']"
1465,"['83', '84', '23', '168', '89', '92', '79']"
1466,"['48', '84', '70', '23', '73', '63', '79']"
1467,['151']
1468,"['176', '181', '215']"
1469,"['48', '82', '99', '84', '166', '72', '138', '92', '79']"
1470,"['178', '66', '38', '121', '105', '108', '45']"
1471,"['178', '66', '67', '117', '181', '38', '121', '105', '108']"
1472,"['98', '35', '36', '37', '149', '53', '152', '90', '173']"
1473,"['104', '138', '143']"
1474,"['65', '66', '117', '38', '108', '45', '110']"
1475,"['112', '213', '214', '204', '47']"
1476,"['176', '31']"
1477,"['48', '176', '97', '115', '116', '196', '42', '138', '44']"
1478,"['84', '148', '150', '151', '94', '95']"
1479,"['194', '84', '70', '168', '169', '191', '79']"
1480,"['66', '67', '117', '109', '110']"
1481,"['151', '155']"
1482,"['48', '129', '162', '84', '70', '72', '88', '76', '79']"
1483,['129']
1484,"['112', '47']"
1485,"['113', '121', '138', '139', '143']"
1486,"['48', '144', '52', '69', '55', '56', '200', '107', '110']"
1487,"['48', '137', '94']"
1488,"['176', '131', '117', '38', '135', '105', '109', '110']"
1489,"['129', '52', '102', '183', '124', '143']"
1490,"['176', '124']"
1491,"['151', '159']"
1492,"['162', '84', '164', '151', '153']"
1493,"['112', '52', '47']"
1494,"['177', '67', '117', '38', '105', '108', '45']"
1495,['38']
1496,"['144', '160', '67', '38', '105', '187']"
1497,"['68', '181', '102', '38', '39', '45']"
1498,"['80', '131', '35', '116', '84', '36', '70', '183', '168', '88', '25', '31']"
1499,"['209', '115', '35', '84', '101', '149', '198', '90']"
1500,"['198', '183', '119', '154', '43', '110']"
1501,"['98', '35', '36', '37', '149', '53', '152', '90', '173']"
1502,"['212', '37', '101', '53', '90', '207']"
1503,"['54', '42', '28', '31']"
1504,['70']
1505,['144']
1506,"['129', '210', '211', '68', '181', '38', '39', '202', '45']"
1507,"['66', '117', '181', '38', '135', '105', '45', '109']"
1508,"['176', '162', '67', '131', '38', '135', '121', '138', '107', '110', '143']"
1509,"['144', '38', '108', '45']"
1510,"['97', '116', '84', '152', '72', '190']"
1511,['25']
1512,"['84', '151']"
1513,"['129', '82', '87', '23', '168', '169', '89', '91', '92', '79']"
1514,"['67', '132', '102', '38', '187', '188', '108']"
1515,"['144', '67', '115', '109', '46', '110']"
1516,"['178', '66', '117', '181', '182', '38', '105', '45']"
1517,"['163', '148', '151', '155', '172', '156', '173', '95']"
1518,"['72', '73']"
1519,"['129', '67', '104', '40', '138', '107', '157', '46', '143']"
1520,"['176', '107', '46', '143']"
1521,"['178', '66', '117', '181', '182', '38', '105', '45']"
1522,['83']
1523,"['67', '38', '121', '138', '157', '110']"
1524,"['65', '66', '67', '117', '38', '135', '121', '105', '45', '109', '110']"
1525,"['66', '181', '38', '105', '45']"
1526,"['48', '208', '51', '84', '70', '119', '103', '26', '76', '63', '79']"
1527,"['112', '50', '132', '52', '153', '107', '174', '47']"
1528,"['144', '176', '116', '104', '143']"
1529,"['73', '60']"
1530,"['48', '193', '171']"
1531,['38']
1532,"['66', '181', '38', '39', '45']"
1533,['120']
1534,"['176', '131', '117', '138', '189', '143', '63']"
1535,"['176', '52', '70', '201', '203', '107']"
1536,"['183', '168', '123', '189', '126', '191', '127']"
1537,"['66', '132', '181', '38', '45']"
1538,"['66', '117', '181', '38', '135', '105', '108', '45', '110']"
1539,"['107', '157', '143']"
1540,"['144', '176', '67', '104', '185', '121', '173', '110', '190', '31', '143', '111']"
1541,['79']
1542,"['135', '46']"
1543,"['87', '23', '168', '89', '91']"
